{
  "train_sizes": [
    320,
    731,
    1142,
    1554,
    1965,
    2377,
    2788,
    3200
  ],
  "train_mean": [
    1.0,
    1.0,
    1.0,
    1.0,
    1.0,
    1.0,
    1.0,
    1.0
  ],
  "train_std": [
    0.0,
    0.0,
    0.0,
    0.0,
    0.0,
    0.0,
    0.0,
    0.0
  ],
  "val_mean": [
    0.945625,
    0.9766666666666667,
    0.9810416666666667,
    0.9845833333333335,
    0.9866666666666667,
    0.988125,
    0.9897916666666666,
    0.9891666666666667
  ],
  "val_std": [
    0.011121956512532586,
    0.0002946278254944408,
    0.002810570325673326,
    0.002062394778460772,
    0.0020623947784607684,
    0.0013501543121683095,
    0.0007795119555778877,
    0.000589255650988777
  ]
}