{
  "test_accuracy": 0.9916666666666667,
  "balanced_accuracy": 0.9916666666666667,
  "macro_f1": 0.9916666250690982,
  "weighted_f1": 0.9916666250690982,
  "cohen_kappa": 0.9888888888888889,
  "matthews_corrcoef": 0.9888916358139147,
  "log_loss": 0.1397253055440447,
  "macro_auc_ovr": 0.9997259259259259,
  "train_accuracy": 1.0,
  "test_accuracy_ci95": [
    0.9866666666666667,
    0.9966666666666667
  ],
  "macro_f1_ci95": [
    0.9864181092245509,
    0.9966392358970265
  ],
  "cv_mean": 0.99125,
  "cv_std": 0.0019320038532282722,
  "cv_scores": [
    0.9895833333333334,
    0.99375,
    0.9927083333333333,
    0.9916666666666667,
    0.9885416666666667
  ],
  "n_train": 4800,
  "n_test": 1200,
  "n_real": 2084,
  "n_aug": 3916,
  "feature_dim": 1621,
  "classes": [
    "Potato_Early_Blight",
    "Potato_Healthy",
    "Tomato_Early_Blight",
    "Tomato_Healthy"
  ],
  "train_time_seconds": 157.0851001739502,
  "per_estimator": {
    "rf": {
      "accuracy": 0.9566666666666667,
      "macro_f1": 0.9568847137970196,
      "kappa": 0.9422222222222222,
      "mcc": 0.9423557320752174
    },
    "gb": {
      "accuracy": 0.9908333333333333,
      "macro_f1": 0.9908305393440908,
      "kappa": 0.9877777777777778,
      "mcc": 0.9877786923881015
    },
    "svm": {
      "accuracy": 0.9758333333333333,
      "macro_f1": 0.9758235649685179,
      "kappa": 0.9677777777777777,
      "mcc": 0.967851265571195
    }
  }
}